plot,genre
A group of friends are attacked by zombies in a forest.,Horror
Two lovers meet and fall in love in Paris.,Romance
A detective solves a mysterious murder case.,Mystery
A hero saves the world with action and explosions.,Action
A haunted house terrorizes a family.,Horror
A romantic story of love and heartbreak.,Romance
A group of friends are attacked by zombies in a forest.,Horror
Two lovers meet and fall in love in Paris.,Romance
A detective solves a mysterious murder case.,Mystery
A hero saves the world with action and explosions.,Action
A haunted house terrorizes a family.,Horror
A romantic story of love and heartbreak.,Romance
A group of friends are attacked by zombies in a forest.,Horror
Two lovers meet and fall in love in Paris.,Romance
A detective solves a mysterious murder case.,Mystery
A hero saves the world with action and explosions.,Action
A haunted house terrorizes a family.,Horror
A romantic story of love and heartbreak.,Romance
A group of friends are attacked by zombies in a forest.,Horror
Two lovers meet and fall in love in Paris.,Romance
A detective solves a mysterious murder case.,Mystery
A hero saves the world with action and explosions.,Action
A haunted house terrorizes a family.,Horror
A romantic story of love and heartbreak.,Romance
A group of friends are attacked by zombies in a forest.,Horror
Two lovers meet and fall in love in Paris.,Romance
A detective solves a mysterious murder case.,Mystery
A hero saves the world with action and explosions.,Action
A haunted house terrorizes a family.,Horror
A romantic story of love and heartbreak.,Romance
A group of friends are attacked by zombies in a forest.,Horror
Two lovers meet and fall in love in Paris.,Romance
A detective solves a mysterious murder case.,Mystery
A hero saves the world with action and explosions.,Action
A haunted house terrorizes a family.,Horror
A romantic story of love and heartbreak.,Romance
A group of friends are attacked by zombies in a forest.,Horror
Two lovers meet and fall in love in Paris.,Romance
A detective solves a mysterious murder case.,Mystery
A hero saves the world with action and explosions.,Action
A haunted house terrorizes a family.,Horror
A romantic story of love and heartbreak.,Romance
A group of friends are attacked by zombies in a forest.,Horror
Two lovers meet and fall in love in Paris.,Romance
A detective solves a mysterious murder case.,Mystery
A hero saves the world with action and explosions.,Action
A haunted house terrorizes a family.,Horror
A romantic story of love and heartbreak.,Romance
A group of friends are attacked by zombies in a forest.,Horror
Two lovers meet and fall in love in Paris.,Romance
A detective solves a mysterious murder case.,Mystery
A hero saves the world with action and explosions.,Action
A haunted house terrorizes a family.,Horror
A romantic story of love and heartbreak.,Romance
A group of friends are attacked by zombies in a forest.,Horror
Two lovers meet and fall in love in Paris.,Romance
A detective solves a mysterious murder case.,Mystery
A hero saves the world with action and explosions.,Action
A haunted house terrorizes a family.,Horror
A romantic story of love and heartbreak.,Romance
A group of friends are attacked by zombies in a forest.,Horror
Two lovers meet and fall in love in Paris.,Romance
A detective solves a mysterious murder case.,Mystery
A hero saves the world with action and explosions.,Action
A haunted house terrorizes a family.,Horror
A romantic story of love and heartbreak.,Romance
A group of friends are attacked by zombies in a forest.,Horror
Two lovers meet and fall in love in Paris.,Romance
A detective solves a mysterious murder case.,Mystery
A hero saves the world with action and explosions.,Action
A haunted house terrorizes a family.,Horror
A romantic story of love and heartbreak.,Romance
A group of friends are attacked by zombies in a forest.,Horror
Two lovers meet and fall in love in Paris.,Romance
A detective solves a mysterious murder case.,Mystery
A hero saves the world with action and explosions.,Action
A haunted house terrorizes a family.,Horror
A romantic story of love and heartbreak.,Romance
A group of friends are attacked by zombies in a forest.,Horror
Two lovers meet and fall in love in Paris.,Romance
A detective solves a mysterious murder case.,Mystery
A hero saves the world with action and explosions.,Action
A haunted house terrorizes a family.,Horror
A romantic story of love and heartbreak.,Romance
A group of friends are attacked by zombies in a forest.,Horror
Two lovers meet and fall in love in Paris.,Romance
A detective solves a mysterious murder case.,Mystery
A hero saves the world with action and explosions.,Action
A haunted house terrorizes a family.,Horror
A romantic story of love and heartbreak.,Romance
A group of friends are attacked by zombies in a forest.,Horror
Two lovers meet and fall in love in Paris.,Romance
A detective solves a mysterious murder case.,Mystery
A hero saves the world with action and explosions.,Action
A haunted house terrorizes a family.,Horror
A romantic story of love and heartbreak.,Romance
A group of friends are attacked by zombies in a forest.,Horror
Two lovers meet and fall in love in Paris.,Romance
A detective solves a mysterious murder case.,Mystery
A hero saves the world with action and explosions.,Action
A haunted house terrorizes a family.,Horror
A romantic story of love and heartbreak.,Romance
A group of friends are attacked by zombies in a forest.,Horror
Two lovers meet and fall in love in Paris.,Romance
A detective solves a mysterious murder case.,Mystery
A hero saves the world with action and explosions.,Action
A haunted house terrorizes a family.,Horror
A romantic story of love and heartbreak.,Romance
A group of friends are attacked by zombies in a forest.,Horror
Two lovers meet and fall in love in Paris.,Romance
A detective solves a mysterious murder case.,Mystery
A hero saves the world with action and explosions.,Action
A haunted house terrorizes a family.,Horror
A romantic story of love and heartbreak.,Romance
A group of friends are attacked by zombies in a forest.,Horror
Two lovers meet and fall in love in Paris.,Romance
A detective solves a mysterious murder case.,Mystery
A hero saves the world with action and explosions.,Action
A haunted house terrorizes a family.,Horror
A romantic story of love and heartbreak.,Romance
